{"train/loss":1.8849,"_step":0,"_wandb":{"runtime":55},"train/epoch":0.020833333333333332,"train/grad_norm":3.69767328456986e+19,"train/learning_rate":4.000000000000001e-06,"_timestamp":1.7274411415109153e+09,"train/global_step":1,"_runtime":51.630113764}